revision,scope,category,metric,value,unit,device_capacity,utilization_pct,source,qualification
RM10-fixed10-HLS-31a7b26f,source,workload,K,4304,elements,,,experiments/rm10_a_resource_aware/source/vision_ffn_down.hpp,Exact FFN-down K extent
RM10-fixed10-HLS-31a7b26f,source,workload,M,1152,elements,,,experiments/rm10_a_resource_aware/source/vision_ffn_down.hpp,Exact FFN-down output extent
RM10-fixed10-HLS-31a7b26f,source,workload,issue_products_per_4x4_group,64,products_per_K_group,,,experiments/rm10_a_resource_aware/source/vision_ffn_down.cpp,16 outputs times four products
RM10-fixed10-HLS-31a7b26f,source,conversion,F16_to_F32_call_sites_per_K_group,64,calls,,,experiments/rm10_a_resource_aware/source/vision_ffn_down.cpp,Inline bit-level conversion; hardware converter instance count and standalone area UNKNOWN
RM10-fixed10-HLS-31a7b26f,source,conversion,F16_to_F32_standalone_LUT,UNKNOWN,LUT,,,experiments/rm10_a_resource_aware/source/vision_ffn_down.cpp,Conversion logic is not separately attributed by HLS
RM10-fixed10-HLS-31a7b26f,K-loop,operator,FP32_multiplier_instances,64,instances,,,experiments/rm10_a_resource_aware/evidence/a_ra_fixed10/hls/design.bindinfo.xml,Generic 32x32 FP32 fmul after widening; each maps to 3 DSP48E2
RM10-fixed10-HLS-31a7b26f,K-loop,operator,FP32_multiplier_DSP,192,DSP48E2,1248,15.38,experiments/rm10_a_resource_aware/evidence/a_ra_fixed10/hls/report/p_anonymous_namespace_compute_weight_batch_Pipeline_VITIS_LOOP_168_9_csynth.rpt,Per instance 3 DSP 151 FF 145 LUT
RM10-fixed10-HLS-31a7b26f,K-loop,operator,FP32_multiplier_FF,9664,FF,,,experiments/rm10_a_resource_aware/evidence/a_ra_fixed10/hls/report/p_anonymous_namespace_compute_weight_batch_Pipeline_VITIS_LOOP_168_9_csynth.rpt,64 instances times report per-instance FF
RM10-fixed10-HLS-31a7b26f,K-loop,operator,FP32_multiplier_LUT,9280,LUT,,,experiments/rm10_a_resource_aware/evidence/a_ra_fixed10/hls/report/p_anonymous_namespace_compute_weight_batch_Pipeline_VITIS_LOOP_168_9_csynth.rpt,64 instances times report per-instance LUT; does not isolate conversion logic
RM10-fixed10-HLS-31a7b26f,K-loop,operator,FP32_accumulation_adder_instances,16,instances,,,experiments/rm10_a_resource_aware/evidence/a_ra_fixed10/hls/design.bindinfo.xml,Recurrent accumulator operators in pipelined K loop
RM10-fixed10-HLS-31a7b26f,compute-finalization,operator,FP32_reduction_adder_instances,48,instances,,,experiments/rm10_a_resource_aware/evidence/a_ra_fixed10/hls/design.bindinfo.xml,144 source add operations share 48 mapped operator instances
RM10-fixed10-HLS-31a7b26f,compute-total,operator,FP32_adder_instances,64,instances,,,experiments/rm10_a_resource_aware/evidence/a_ra_fixed10/hls/design.bindinfo.xml,16 recurrent plus 48 finalization instances; each maps to 2 DSP48E2
RM10-fixed10-HLS-31a7b26f,compute-total,operator,FP32_adder_DSP,128,DSP48E2,1248,10.26,experiments/rm10_a_resource_aware/evidence/a_ra_fixed10/hls/report/p_anonymous_namespace_compute_weight_batch_csynth.rpt,Per instance 2 DSP 296 FF 239 LUT
RM10-fixed10-HLS-31a7b26f,compute-total,operator,FP32_adder_FF,18944,FF,,,experiments/rm10_a_resource_aware/evidence/a_ra_fixed10/hls/report/p_anonymous_namespace_compute_weight_batch_csynth.rpt,64 instances times report per-instance FF
RM10-fixed10-HLS-31a7b26f,compute-total,operator,FP32_adder_LUT,15296,LUT,,,experiments/rm10_a_resource_aware/evidence/a_ra_fixed10/hls/report/p_anonymous_namespace_compute_weight_batch_csynth.rpt,64 instances times report per-instance LUT
RM10-fixed10-HLS-31a7b26f,compute-accumulator,storage,FP32_temporal_accumulator_cells,160,cells,,,experiments/rm10_a_resource_aware/source/vision_ffn_down.cpp,10 banks times 16 output lanes per 4x4 group; 5120 data bits before scheduling registers
RM10-fixed10-HLS-31a7b26f,K-loop,summary,achieved_II,1,cycles_per_K_group,,,experiments/rm10_a_resource_aware/evidence/a_ra_fixed10/hls/report/p_anonymous_namespace_compute_weight_batch_Pipeline_VITIS_LOOP_168_9_csynth.xml,Trip count 1076; loop latency 1109 cycles and interval 1077
RM10-fixed10-HLS-31a7b26f,K-loop,summary,operator_resource_total,224,DSP48E2,,,experiments/rm10_a_resource_aware/evidence/a_ra_fixed10/hls/report/p_anonymous_namespace_compute_weight_batch_Pipeline_VITIS_LOOP_168_9_csynth.rpt,64 FP32 multipliers plus 16 recurrent FP32 adders
RM10-fixed10-HLS-31a7b26f,K-loop,summary,register_resource_total,28094,FF,,,experiments/rm10_a_resource_aware/evidence/a_ra_fixed10/hls/report/p_anonymous_namespace_compute_weight_batch_Pipeline_VITIS_LOOP_168_9_csynth.rpt,Includes arithmetic pipeline and control registers
RM10-fixed10-HLS-31a7b26f,K-loop,summary,logic_resource_total,24971,LUT,,,experiments/rm10_a_resource_aware/evidence/a_ra_fixed10/hls/report/p_anonymous_namespace_compute_weight_batch_Pipeline_VITIS_LOOP_168_9_csynth.rpt,Includes expression and mux logic; not a standalone control/address sum
RM10-fixed10-HLS-31a7b26f,K-loop,logic_bucket,expression_logic,5425,LUT,,,experiments/rm10_a_resource_aware/evidence/a_ra_fixed10/hls/report/p_anonymous_namespace_compute_weight_batch_Pipeline_VITIS_LOOP_168_9_csynth.rpt,Report bucket; conversion subcost not isolated
RM10-fixed10-HLS-31a7b26f,K-loop,logic_bucket,multiplexers,2954,LUT,,,experiments/rm10_a_resource_aware/evidence/a_ra_fixed10/hls/report/p_anonymous_namespace_compute_weight_batch_Pipeline_VITIS_LOOP_168_9_csynth.rpt,Report bucket; address/control signals not split individually
RM10-fixed10-HLS-31a7b26f,K-loop,logic_bucket,register_pipeline_logic,768,LUT,,,experiments/rm10_a_resource_aware/evidence/a_ra_fixed10/hls/report/p_anonymous_namespace_compute_weight_batch_Pipeline_VITIS_LOOP_168_9_csynth.rpt,Register bucket LUT component
RM10-fixed10-HLS-31a7b26f,K-loop,logic_bucket,register_pipeline_state,13694,FF,,,experiments/rm10_a_resource_aware/evidence/a_ra_fixed10/hls/report/p_anonymous_namespace_compute_weight_batch_Pipeline_VITIS_LOOP_168_9_csynth.rpt,Register bucket FF component
RM10-fixed10-HLS-31a7b26f,compute-function,summary,compute_weight_batch_DSP,321,DSP48E2,,,experiments/rm10_a_resource_aware/evidence/a_ra_fixed10/hls/report/p_anonymous_namespace_compute_weight_batch_csynth.rpt,16 BRAM18 and 8 URAM in this function
RM10-fixed10-HLS-31a7b26f,compute-function,summary,compute_weight_batch_LUT,41717,LUT,,,experiments/rm10_a_resource_aware/evidence/a_ra_fixed10/hls/report/p_anonymous_namespace_compute_weight_batch_csynth.rpt,Function estimate includes arithmetic reduction and data/control logic
RM10-fixed10-HLS-31a7b26f,compute-function,summary,compute_weight_batch_FF,45988,FF,,,experiments/rm10_a_resource_aware/evidence/a_ra_fixed10/hls/report/p_anonymous_namespace_compute_weight_batch_csynth.rpt,Function estimate includes arithmetic pipeline state
RM10-fixed10-HLS-31a7b26f,compute-function,storage,weight_cache,8,URAM,,,experiments/rm10_a_resource_aware/evidence/a_ra_fixed10/hls/report/p_anonymous_namespace_compute_weight_batch_csynth.rpt,Four banks of 2152x128-bit storage each
RM10-fixed10-HLS-31a7b26f,compute-function,storage,result_tile,16,BRAM18,,,experiments/rm10_a_resource_aware/evidence/a_ra_fixed10/hls/report/p_anonymous_namespace_compute_weight_batch_csynth.rpt,16 result buffers; one BRAM18 each
RM10-fixed10-HLS-31a7b26f,stage-function,storage,activation_cache,32,URAM,,,experiments/rm10_a_resource_aware/evidence/a_ra_fixed10/hls/report/vision_ffn_down_tile_csynth.rpt,Four 4304x256-bit banks; persists activation tile across output batches
RM10-fixed10-HLS-31a7b26f,HLS-top,summary,DSP,323,DSP48E2,1248,25.88,experiments/rm10_a_resource_aware/evidence/a_ra_fixed10/hls/report/vision_ffn_down_tile_csynth.rpt,100 MHz board route uses same frozen source and component identity
RM10-fixed10-HLS-31a7b26f,HLS-top,summary,LUT,47075,LUT,117120,40.20,experiments/rm10_a_resource_aware/evidence/a_ra_fixed10/hls/report/vision_ffn_down_tile_csynth.rpt,HLS estimate not routed count
RM10-fixed10-HLS-31a7b26f,HLS-top,summary,FF,50368,FF,234240,21.50,experiments/rm10_a_resource_aware/evidence/a_ra_fixed10/hls/report/vision_ffn_down_tile_csynth.rpt,HLS estimate not routed count
RM10-fixed10-HLS-31a7b26f,HLS-top,summary,BRAM18,54,BRAM18,288,18.75,experiments/rm10_a_resource_aware/evidence/a_ra_fixed10/hls/report/vision_ffn_down_tile_csynth.rpt,HLS primitive estimate; route report counts BRAM tiles instead
RM10-fixed10-HLS-31a7b26f,HLS-top,summary,URAM,40,URAM,64,62.50,experiments/rm10_a_resource_aware/evidence/a_ra_fixed10/hls/report/vision_ffn_down_tile_csynth.rpt,HLS estimate
RM10-fixed10-HLS-31a7b26f,HLS-top,control,control_s_axi_FF,468,FF,,,experiments/rm10_a_resource_aware/evidence/a_ra_fixed10/hls/report/vision_ffn_down_tile_csynth.rpt,AXI-Lite control module
RM10-fixed10-HLS-31a7b26f,HLS-top,control,control_s_axi_LUT,808,LUT,,,experiments/rm10_a_resource_aware/evidence/a_ra_fixed10/hls/report/vision_ffn_down_tile_csynth.rpt,AXI-Lite control module
RM10-fixed10-HLS-31a7b26f,HLS-top,connection,gmem_w_FF,774,FF,,,experiments/rm10_a_resource_aware/evidence/a_ra_fixed10/hls/report/vision_ffn_down_tile_csynth.rpt,Weight AXI master; 8 BRAM18
RM10-fixed10-HLS-31a7b26f,HLS-top,connection,gmem_w_LUT,843,LUT,,,experiments/rm10_a_resource_aware/evidence/a_ra_fixed10/hls/report/vision_ffn_down_tile_csynth.rpt,Weight AXI master
RM10-fixed10-HLS-31a7b26f,HLS-top,connection,gmem_x_FF,1042,FF,,,experiments/rm10_a_resource_aware/evidence/a_ra_fixed10/hls/report/vision_ffn_down_tile_csynth.rpt,Activation AXI master; 15 BRAM18
RM10-fixed10-HLS-31a7b26f,HLS-top,connection,gmem_x_LUT,1108,LUT,,,experiments/rm10_a_resource_aware/evidence/a_ra_fixed10/hls/report/vision_ffn_down_tile_csynth.rpt,Activation AXI master
RM10-fixed10-HLS-31a7b26f,HLS-top,connection,gmem_y_FF,1038,FF,,,experiments/rm10_a_resource_aware/evidence/a_ra_fixed10/hls/report/vision_ffn_down_tile_csynth.rpt,Output AXI master; 15 BRAM18
RM10-fixed10-HLS-31a7b26f,HLS-top,connection,gmem_y_LUT,1104,LUT,,,experiments/rm10_a_resource_aware/evidence/a_ra_fixed10/hls/report/vision_ffn_down_tile_csynth.rpt,Output AXI master
RM10-fixed10-HLS-31a7b26f,HLS-top,stage-function,stage_activation_DSP,2,DSP48E2,,,experiments/rm10_a_resource_aware/evidence/a_ra_fixed10/hls/report/vision_ffn_down_tile_csynth.rpt,Activation tile ingress and staging
RM10-fixed10-HLS-31a7b26f,HLS-top,stage-function,stage_activation_FF,584,FF,,,experiments/rm10_a_resource_aware/evidence/a_ra_fixed10/hls/report/vision_ffn_down_tile_csynth.rpt,Activation tile ingress and staging
RM10-fixed10-HLS-31a7b26f,HLS-top,stage-function,stage_activation_LUT,690,LUT,,,experiments/rm10_a_resource_aware/evidence/a_ra_fixed10/hls/report/vision_ffn_down_tile_csynth.rpt,Activation tile ingress and staging
RM10-fixed10-HLS-31a7b26f,HLS-top,storage,AXI_and_result_buffers,54,BRAM18,288,18.75,experiments/rm10_a_resource_aware/evidence/a_ra_fixed10/hls/report/vision_ffn_down_tile_csynth.rpt,8 weight plus 15 activation plus 15 output AXI FIFO/buffers and 16 result tiles
RM10-fixed10-HLS-31a7b26f,Vivado-corrected-route,summary,DSP,323,DSP48E2,1248,25.88,experiments/rm10_route/evidence/corrected_candidate/utilization_post_route.rpt,Corrected fixed10 route; full system
RM10-fixed10-HLS-31a7b26f,Vivado-corrected-route,summary,LUT,41431,CLB_LUT,117120,35.37,experiments/rm10_route/evidence/corrected_candidate/utilization_post_route.rpt,Routed full system
RM10-fixed10-HLS-31a7b26f,Vivado-corrected-route,summary,FF,55317,CLB_FF,234240,23.62,experiments/rm10_route/evidence/corrected_candidate/utilization_post_route.rpt,Routed full system
RM10-fixed10-HLS-31a7b26f,Vivado-corrected-route,summary,CLB_sites,8347,sites,14640,57.02,experiments/rm10_route/evidence/corrected_candidate/utilization_post_route.rpt,CLB-site packing is the largest reported placement occupancy fraction
RM10-fixed10-HLS-31a7b26f,Vivado-corrected-route,storage,BRAM,18.5,BRAM_tiles,144,12.85,experiments/rm10_route/evidence/corrected_candidate/utilization_post_route.rpt,10 RAMB36 plus 17 RAMB18
RM10-fixed10-HLS-31a7b26f,Vivado-corrected-route,storage,URAM,40,URAM,64,62.50,experiments/rm10_route/evidence/corrected_candidate/utilization_post_route.rpt,Highest block-memory occupancy; 24 URAM blocks remain on device
RM10-fixed10-HLS-31a7b26f,Vivado-corrected-route,routing,F7_muxes,1722,MUXF7,58560,2.94,experiments/rm10_route/evidence/corrected_candidate/utilization_post_route.rpt,Aggregate routed mux primitive count; not attributed to one source structure
RM10-fixed10-HLS-31a7b26f,Vivado-corrected-route,timing,PL0_constraint,100,MHz,,,experiments/rm10_route/evidence/corrected_candidate/timing_post_route_setup.rpt,10 ns period
RM10-fixed10-HLS-31a7b26f,Vivado-corrected-route,timing,setup_WNS,3.564,ns,,,experiments/rm10_route/evidence/corrected_candidate/timing_post_route_setup.rpt,Pass; no failing endpoints
RM10-fixed10-HLS-31a7b26f,Vivado-corrected-route,timing,critical_path_routed_net_delay_fraction,90.1,percent,,,experiments/rm10_route/RM10_CORRECTED_ROUTE_RESULTS.md,5.116 ns of 5.681 ns to activation-cache URAM enable
