family,output_name,K,M,N,calls_per_request,total_board_cpu_time_s,per_call_ms
Attention output projection,node_125,1152,1152,1120,5,6.06698272,1163.817;1161.379;1164.104;1168.490;1409.193
Attention output projection,node_156,1152,1152,1120,5,5.824956438999999,1162.363;1162.801;1164.346;1164.219;1171.227
Attention output projection,node_187,1152,1152,1120,5,5.825028779999999,1162.180;1168.837;1167.015;1165.276;1161.721
Attention output projection,node_218,1152,1152,1120,5,5.839641315999999,1168.834;1159.683;1169.456;1166.317;1175.351
Attention output projection,node_252,1152,1152,1120,5,2.669224756,534.125;534.214;533.550;534.520;532.817
Attention output projection,node_295,1152,1152,280,5,0.797583086,160.007;159.193;159.151;159.522;159.710
Attention output projection,node_32,1152,1152,1120,5,5.829461251000001,1163.070;1165.795;1163.299;1172.313;1164.984
Attention output projection,node_326,1152,1152,280,5,0.918947673,241.811;159.510;197.030;160.448;160.149
Attention output projection,node_357,1152,1152,280,5,0.7980718920000001,159.403;159.076;159.019;159.805;160.769
Attention output projection,node_388,1152,1152,280,5,0.802278043,164.344;158.985;159.782;159.843;159.324
Attention output projection,node_419,1152,1152,280,5,0.8069663819999999,161.010;166.747;159.834;159.455;159.920
Attention output projection,node_450,1152,1152,280,5,0.79887762,159.378;159.130;159.333;160.527;160.510
Attention output projection,node_481,1152,1152,280,5,0.814159571,175.477;159.339;159.915;159.744;159.684
Attention output projection,node_512,1152,1152,280,5,0.883330593,159.486;159.151;245.374;159.809;159.510
Attention output projection,node_543,1152,1152,280,5,0.79799374,159.563;159.900;159.594;159.142;159.795
Attention output projection,node_574,1152,1152,280,5,0.796689878,159.623;159.140;159.830;159.050;159.047
Attention output projection,node_605,1152,1152,280,5,0.8618418489999999,160.439;159.030;159.778;159.595;223.000
Attention output projection,node_63,1152,1152,1120,5,5.832562864,1177.642;1162.052;1164.940;1165.519;1162.411
Attention output projection,node_636,1152,1152,280,5,0.809394106,171.788;159.115;159.390;159.925;159.176
Attention output projection,node_667,1152,1152,280,5,0.7970516620000001,159.001;159.154;159.511;159.742;159.644
Attention output projection,node_698,1152,1152,280,5,0.797521337,159.111;159.601;159.998;159.209;159.602
Attention output projection,node_729,1152,1152,280,5,0.797785318,159.411;159.464;159.942;159.450;159.517
Attention output projection,node_760,1152,1152,280,5,0.798337934,158.886;160.088;159.854;159.616;159.894
Attention output projection,node_791,1152,1152,280,5,0.7986999469999999,160.587;159.511;159.118;158.865;160.619
Attention output projection,node_822,1152,1152,280,5,0.811877371,159.929;159.219;159.141;174.159;159.430
Attention output projection,node_853,1152,1152,280,5,0.7968944490000001,159.508;159.168;159.105;159.349;159.765
Attention output projection,node_884,1152,1152,280,5,0.7994129849999999,159.689;159.274;161.784;159.443;159.224
Attention output projection,node_94,1152,1152,1120,5,5.823384524,1161.282;1169.151;1165.515;1162.373;1165.064
FFN down,ffn_down,17216,1152,280,5,24.129265489,4819.110;4803.509;4842.090;4875.478;4789.078
FFN down,ffn_down-0,4304,1152,1120,5,20.628107823,4115.654;4110.430;4178.984;4107.995;4115.044
FFN down,ffn_down-1,4304,1152,1120,5,21.384276184999997,4105.421;4717.618;4103.935;4339.867;4117.434
FFN down,ffn_down-10,4304,1152,280,5,5.043853689,1012.015;1004.336;1011.461;1007.769;1008.272
FFN down,ffn_down-11,4304,1152,280,5,5.195915826999999,1037.089;1042.501;1040.564;1039.655;1036.106
FFN down,ffn_down-12,4304,1152,280,5,5.059915888,1017.215;1010.804;1013.907;1005.969;1012.021
FFN down,ffn_down-13,4304,1152,280,5,5.469302332,1042.196;1048.032;1293.751;1048.803;1036.520
FFN down,ffn_down-14,4304,1152,280,5,5.064605014,1008.491;1010.751;1009.948;1008.146;1027.269
FFN down,ffn_down-15,4304,1152,280,5,5.200251372,1039.567;1042.489;1039.281;1040.147;1038.767
FFN down,ffn_down-16,4304,1152,280,5,5.40004406,1008.140;1016.798;1008.733;1017.445;1348.928
FFN down,ffn_down-17,4304,1152,280,5,5.204921227,1041.925;1038.026;1048.919;1037.293;1038.759
FFN down,ffn_down-18,4304,1152,280,5,5.044470513,1010.145;1007.054;1010.135;1009.874;1007.262
FFN down,ffn_down-19,4304,1152,280,5,5.188033138,1039.346;1036.996;1035.854;1035.883;1039.954
FFN down,ffn_down-2,4304,1152,1120,5,21.211286746000003,4097.194;4812.225;4092.661;4116.040;4093.166
FFN down,ffn_down-20,4304,1152,280,5,5.031332621,1012.320;1004.672;1009.492;1000.863;1003.985
FFN down,ffn_down-21,4304,1152,280,5,5.1874777530000005,1035.416;1033.220;1043.935;1037.695;1037.211
FFN down,ffn_down-22,4304,1152,280,5,5.027438482,1005.346;1005.865;1005.097;1002.136;1008.994
FFN down,ffn_down-23,4304,1152,280,5,5.174574532,1040.094;1036.055;1034.640;1031.694;1032.092
FFN down,ffn_down-24,4304,1152,280,5,5.5575653339999995,1004.929;1010.288;1006.650;1521.759;1013.940
FFN down,ffn_down-25,4304,1152,280,5,5.190901527,1037.337;1040.272;1036.935;1031.142;1045.216
FFN down,ffn_down-26,4304,1152,280,5,5.050871876,1008.559;1010.102;1007.943;1014.553;1009.715
FFN down,ffn_down-3,4304,1152,1120,5,20.567850071000002,4121.035;4102.267;4119.036;4114.879;4110.633
FFN down,ffn_down-4,4304,1152,1120,5,20.425481237,4086.560;4085.420;4094.935;4082.869;4075.697
FFN down,ffn_down-5,4304,1152,1120,5,20.595526755999998,4112.762;4106.180;4124.589;4144.426;4107.570
FFN down,ffn_down-6,4304,1152,1120,5,21.093983742999995,4096.778;4665.917;4108.569;4112.557;4110.162
FFN down,ffn_down-7,4304,1152,280,5,5.641160549,1482.978;1036.821;1050.434;1035.315;1035.613
FFN down,ffn_down-8,4304,1152,280,5,5.264128809,1019.103;1016.940;1211.170;1009.692;1007.224
FFN down,ffn_down-9,4304,1152,280,5,5.22101267,1045.696;1059.142;1043.535;1038.176;1034.464
FFN up,ffn_up,4608,17216,280,5,84.615512676,16683.764;16695.378;16672.996;17210.743;17352.631
FFN up,ffn_up-0,1152,4304,1120,5,7.155621117000001,1440.780;1431.230;1425.552;1425.994;1432.066
FFN up,ffn_up-1,1152,4304,1120,5,7.445109302999999,1425.233;1425.905;1425.771;1743.253;1424.948
FFN up,ffn_up-10,1152,4304,280,5,1.7760405639999999,354.946;355.022;355.185;355.435;355.453
FFN up,ffn_up-11,1152,4304,280,5,1.774809521,355.072;354.833;354.532;355.719;354.653
FFN up,ffn_up-12,1152,4304,280,5,1.7754916079999998,354.895;355.106;355.241;354.394;355.856
FFN up,ffn_up-13,1152,4304,280,5,1.7804287970000001,360.797;354.601;354.763;355.412;354.856
FFN up,ffn_up-14,1152,4304,280,5,1.9295169989999998,355.095;355.449;508.706;354.661;355.606
FFN up,ffn_up-15,1152,4304,280,5,1.780452227,360.128;354.499;354.780;355.291;355.755
FFN up,ffn_up-16,1152,4304,280,5,1.7732300650000001,354.377;354.778;355.016;354.266;354.793
FFN up,ffn_up-17,1152,4304,280,5,1.781123704,354.986;354.946;355.405;355.002;360.784
FFN up,ffn_up-18,1152,4304,280,5,1.7774337269999998,355.272;357.634;354.768;354.404;355.356
FFN up,ffn_up-19,1152,4304,280,5,1.7971305560000002,355.367;359.706;366.930;360.436;354.691
FFN up,ffn_up-2,1152,4304,1120,5,7.116249884000001,1424.750;1420.888;1425.680;1419.278;1425.654
FFN up,ffn_up-20,1152,4304,280,5,1.7738271110000001,354.216;354.992;354.928;354.944;354.747
FFN up,ffn_up-21,1152,4304,280,5,1.7756761189999999,355.744;354.626;354.876;355.108;355.321
FFN up,ffn_up-22,1152,4304,280,5,1.7743288050000001,355.012;354.659;355.103;354.602;354.954
FFN up,ffn_up-23,1152,4304,280,5,1.7809134039999999,355.174;355.244;360.898;355.129;354.468
FFN up,ffn_up-24,1152,4304,280,5,1.95277893,354.747;354.831;359.783;528.751;354.667
FFN up,ffn_up-25,1152,4304,280,5,1.7740614829999999,354.999;355.493;354.477;354.284;354.808
FFN up,ffn_up-26,1152,4304,280,5,1.7792875259999998,360.559;354.950;354.606;354.584;354.589
FFN up,ffn_up-3,1152,4304,1120,5,7.112869449,1420.267;1425.449;1420.756;1425.988;1420.409
FFN up,ffn_up-4,1152,4304,1120,5,7.125925100000001,1428.201;1419.719;1425.914;1419.989;1432.102
FFN up,ffn_up-5,1152,4304,1120,5,7.105765358,1418.900;1420.488;1420.341;1426.015;1420.021
FFN up,ffn_up-6,1152,4304,1120,5,7.1018574910000005,1421.644;1418.733;1420.362;1420.572;1420.546
FFN up,ffn_up-7,1152,4304,280,5,1.784852492,356.468;356.418;356.796;358.453;356.717
FFN up,ffn_up-8,1152,4304,280,5,2.150350736,397.923;355.602;680.053;361.435;355.337
FFN up,ffn_up-9,1152,4304,280,5,1.785007034,355.714;358.544;355.014;355.768;359.967
K projection,node_112,1152,1152,1120,5,1.945288195,387.529;381.252;386.800;382.222;407.487
K projection,node_143,1152,1152,1120,5,1.9083291869999999,380.898;382.070;381.631;381.889;381.842
K projection,node_174,1152,1152,1120,5,1.90686071,381.428;380.576;381.874;381.345;381.638
K projection,node_19,1152,1152,1120,5,1.9256061389999999,389.451;384.394;383.679;384.367;383.716
K projection,node_205,1152,1152,1120,5,1.9077973400000001,380.960;381.025;382.679;381.712;381.422
K projection,node_237,1152,1152,1120,5,1.9127289289999998,383.534;383.819;382.455;381.306;381.615
K projection,node_282,1152,1152,280,5,0.47994909099999994,96.180;95.758;95.684;96.719;95.607
K projection,node_313,1152,1152,280,5,0.534389244,148.195;96.078;96.512;96.938;96.666
K projection,node_344,1152,1152,280,5,0.479728119,95.913;95.921;96.101;96.009;95.783
K projection,node_375,1152,1152,280,5,0.485227992,96.109;100.745;96.318;96.094;95.962
K projection,node_406,1152,1152,280,5,0.47962798700000003,96.214;95.954;95.764;95.657;96.039
K projection,node_437,1152,1152,280,5,0.478616636,96.065;95.422;95.523;95.790;95.817
K projection,node_468,1152,1152,280,5,0.479706727,95.582;96.396;95.836;96.173;95.720
K projection,node_499,1152,1152,280,5,0.55392509,95.507;95.797;170.771;95.702;96.147
K projection,node_50,1152,1152,1120,5,2.111913532,383.361;383.854;572.361;383.495;388.842
K projection,node_530,1152,1152,280,5,0.48488101100000003,95.966;96.132;100.751;96.210;95.823
K projection,node_561,1152,1152,280,5,0.478410664,95.411;95.436;96.246;95.529;95.789
K projection,node_592,1152,1152,280,5,0.537133732,96.094;96.005;95.784;95.942;153.307
K projection,node_623,1152,1152,280,5,0.480300124,96.117;95.493;96.389;96.035;96.266
K projection,node_654,1152,1152,280,5,0.479617947,95.711;95.773;95.678;96.847;95.609
K projection,node_685,1152,1152,280,5,0.47902306099999997,95.843;95.206;96.207;95.776;95.991
K projection,node_716,1152,1152,280,5,0.479375254,96.081;95.584;96.032;95.943;95.735
K projection,node_747,1152,1152,280,5,0.480518036,95.874;95.770;96.191;96.138;96.544
K projection,node_778,1152,1152,280,5,0.48299227,95.100;95.781;96.109;95.589;100.413
K projection,node_809,1152,1152,280,5,0.479415056,96.228;95.470;95.682;95.670;96.365
K projection,node_81,1152,1152,1120,5,1.9196886899999999,381.332;381.411;394.332;380.843;381.771
K projection,node_840,1152,1152,280,5,0.478717038,95.431;95.565;95.764;95.681;96.276
K projection,node_871,1152,1152,280,5,0.481599147,96.074;95.751;98.225;95.398;96.151
Patch embedding,node_3,588,1120,1152,5,1.516144594,310.592;301.991;301.393;300.997;301.172
Q projection,node_109,1152,1152,1120,5,1.966226615,392.886;392.774;392.955;392.820;394.791
Q projection,node_140,1152,1152,1120,5,1.9728118,393.148;403.129;391.726;392.105;392.705
Q projection,node_16,1152,1152,1120,5,2.082235296,426.648;411.095;412.077;411.360;421.055
Q projection,node_171,1152,1152,1120,5,1.969484868,392.107;393.487;393.973;392.278;397.640
Q projection,node_202,1152,1152,1120,5,1.96357099,392.589;393.384;392.981;392.483;392.134
Q projection,node_234,1152,1152,1120,5,1.973097444,394.031;394.156;394.617;395.973;394.321
Q projection,node_279,1152,1152,280,5,0.505776648,101.494;101.211;101.461;100.982;100.628
Q projection,node_310,1152,1152,280,5,0.5450177119999999,151.937;98.121;98.180;98.313;98.466
Q projection,node_341,1152,1152,280,5,0.491267895,97.939;98.435;98.284;98.271;98.338
Q projection,node_372,1152,1152,280,5,0.494088692,97.346;101.020;98.347;98.730;98.645
Q projection,node_403,1152,1152,280,5,0.49636429400000004,98.006;98.471;98.513;103.473;97.901
Q projection,node_434,1152,1152,280,5,0.489690429,97.557;98.004;97.704;98.172;98.253
Q projection,node_465,1152,1152,280,5,0.492221594,98.186;98.856;97.872;98.583;98.725
Q projection,node_47,1152,1152,1120,5,2.279323808,394.196;393.602;692.113;404.804;394.609
Q projection,node_496,1152,1152,280,5,0.571713889,97.981;98.315;178.871;98.581;97.966
Q projection,node_527,1152,1152,280,5,0.491970191,98.135;98.038;98.685;98.266;98.846
Q projection,node_558,1152,1152,280,5,0.49070245799999995,98.131;98.091;97.979;98.513;97.988
Q projection,node_589,1152,1152,280,5,0.5434124140000001,97.768;98.914;97.661;97.879;151.191
Q projection,node_620,1152,1152,280,5,0.49108166,97.991;97.895;98.457;98.346;98.393
Q projection,node_651,1152,1152,280,5,0.490856448,98.153;97.748;97.875;98.443;98.637
Q projection,node_682,1152,1152,280,5,0.49714867100000004,98.610;97.875;98.181;98.257;104.225
Q projection,node_713,1152,1152,280,5,0.49223542400000003,98.475;98.458;98.440;98.092;98.770
Q projection,node_744,1152,1152,280,5,0.510528784,98.712;97.972;98.219;106.826;108.800
Q projection,node_775,1152,1152,280,5,0.490686697,98.000;97.936;98.283;98.364;98.104
Q projection,node_78,1152,1152,1120,5,1.9703393869999999,392.660;392.038;395.410;397.384;392.847
Q projection,node_806,1152,1152,280,5,0.491548987,98.289;97.953;98.575;98.656;98.076
Q projection,node_837,1152,1152,280,5,0.49236368599999997,97.731;98.267;98.038;98.639;99.690
Q projection,node_868,1152,1152,280,5,0.497244524,98.412;97.590;105.289;97.924;98.028
V projection,node_115,1152,1152,1120,5,2.180102994,381.998;382.211;382.010;381.756;652.128
V projection,node_146,1152,1152,1120,5,1.9193413460000002,393.084;381.394;381.584;381.214;382.065
V projection,node_177,1152,1152,1120,5,1.910121314,381.143;384.076;381.241;382.059;381.602
V projection,node_208,1152,1152,1120,5,1.913254186,381.269;381.411;382.218;381.051;387.305
V projection,node_22,1152,1152,1120,5,1.929639749,390.170;384.811;384.829;384.643;385.188
V projection,node_240,1152,1152,1120,5,1.920901163,381.751;387.855;381.699;387.245;382.351
V projection,node_285,1152,1152,280,5,0.47998626899999997,95.866;95.849;96.142;95.881;96.249
V projection,node_316,1152,1152,280,5,0.538298645,138.643;96.396;110.418;96.708;96.133
V projection,node_347,1152,1152,280,5,0.478561016,95.742;95.681;95.971;95.680;95.488
V projection,node_378,1152,1152,280,5,0.4839591,99.620;96.108;95.723;96.394;96.114
V projection,node_409,1152,1152,280,5,0.478792,95.565;95.589;96.185;96.128;95.324
V projection,node_440,1152,1152,280,5,0.484483526,95.465;95.953;96.019;96.060;100.987
V projection,node_471,1152,1152,280,5,0.478337593,95.346;95.577;96.029;96.025;95.362
V projection,node_502,1152,1152,280,5,0.527274084,95.635;95.662;145.140;95.555;95.283
V projection,node_53,1152,1152,1120,5,1.941743621,382.465;382.702;412.031;382.471;382.075
V projection,node_533,1152,1152,280,5,0.47868555700000004,95.339;95.718;96.558;95.711;95.359
V projection,node_564,1152,1152,280,5,0.479145622,96.149;95.438;95.673;95.707;96.179
V projection,node_595,1152,1152,280,5,0.5302608649999999,95.717;96.299;95.232;96.210;146.803
V projection,node_626,1152,1152,280,5,0.47960488700000004,95.999;95.848;96.254;95.845;95.659
V projection,node_657,1152,1152,280,5,0.479356605,95.818;95.730;95.949;96.014;95.846
V projection,node_688,1152,1152,280,5,0.47965531799999994,95.601;95.371;95.959;96.675;96.050
V projection,node_719,1152,1152,280,5,0.47953393499999997,95.410;96.208;95.908;96.002;96.005
V projection,node_750,1152,1152,280,5,0.48443870600000005,95.928;100.597;96.001;95.955;95.957
V projection,node_781,1152,1152,280,5,0.48361908700000006,96.139;96.132;95.627;95.813;99.909
V projection,node_812,1152,1152,280,5,0.47883838900000003,95.357;95.286;96.605;95.955;95.635
V projection,node_84,1152,1152,1120,5,1.913805711,381.816;386.843;381.336;382.355;381.455
V projection,node_843,1152,1152,280,5,0.477971291,95.885;95.921;95.840;95.524;94.802
V projection,node_874,1152,1152,280,5,0.47882577,95.569;95.512;96.155;95.930;95.660
