family,K,M,N,src0_dtype,src1_dtype,output_dtype,calls_per_request,total_MAC,board_cpu_time_s,time_per_MAC_ns,measured_GMAC_per_s,median_call_ms,time_share_of_selected_ops,vision_time_share
FFN down,4304,1152,1120,f16,f32,f32,35,194361753600,145.906512561,0.7506955965281021,1.3320978631350813,4110.430211,0.24993269073180302,0.22822855085405913
FFN down,4304,1152,280,f16,f32,f32,100,138829824000,104.217777213,0.7506872385936324,1.3321126943271875,1032.6558425,0.17852136291752485,0.16301857846550916
FFN up,4608,17216,280,f16,f32,f32,5,111063859200,84.615512676,0.761863609688074,1.3125708949524773,16695.37801,0.14494337771195867,0.13235650348193337
FFN up,1152,4304,1120,f16,f32,f32,35,194361753600,50.163397702,0.25809294664647436,3.8745731450373997,1424.947532,0.0859281244123273,0.0784661312404192
Attention output projection,1152,1152,1120,f16,f32,f32,40,59454259200,43.71124265,0.7352079268696027,1.3601594371511192,1164.2828245,0.07487581122314758,0.06837360026591585
FFN up,1152,4304,280,f16,f32,f32,100,138829824000,36.276741408,0.26130366201429456,3.8269651190165686,355.0987465,0.06214077378686348,0.05674447271703426
FFN down,17216,1152,280,f16,f32,f32,5,27765964800,24.129265488999998,0.8690231246349486,1.1507173648803315,4819.110039,0.04133257757446925,0.03774325901611137
Attention output projection,1152,1152,280,f16,f32,f32,100,37158912000,16.283715436,0.43821830509999865,2.2819676594107734,159.59437100000002,0.027893428076618418,0.02547116445487252
Q projection,1152,1152,1120,f16,f32,f32,40,59454259200,16.177090208,0.27209304136784196,3.675213430570987,393.787534,0.027710782835729728,0.025304380115751604
V projection,1152,1152,1120,f16,f32,f32,40,59454259200,15.628910084,0.2628728419847169,3.804120625203797,382.1433525,0.026771769689625413,0.024446910814953857
K projection,1152,1152,1120,f16,f32,f32,40,59454259200,15.538212722,0.261347343841768,3.826325476663145,381.979521,0.026616408319327024,0.02430504101673706
Q projection,1152,1152,280,f16,f32,f32,100,37158912000,10.065921097,0.270888477493636,3.691556057505226,98.28659300000001,0.017242566492125813,0.015745223051775382
K projection,1152,1152,280,f16,f32,f32,100,37158912000,9.793154226,0.26354792696836765,3.794376269633967,95.9485795,0.01677532649841393,0.01531855815110277
V projection,1152,1152,280,f16,f32,f32,100,37158912000,9.759628265,0.262645694927774,3.8074105889114005,95.91480899999999,0.016717897714084672,0.015266116478961365
Patch embedding,588,1120,1152,f16,f16,f32,5,3793305600,1.516144594,0.3996895462364013,2.5019418431537805,301.39310400000005,0.0025971020159807727,0.0023715698326294385
