layer,candidate,abs_error_bin,count
ffn_down-0,A_interleave_R5,0_to_1e-8,168368
ffn_down-0,A_interleave_R5,1e-8_to_1e-7,702376
ffn_down-0,A_interleave_R5,1e-7_to_1e-6,416602
ffn_down-0,A_interleave_R5,1e-6_to_1e-5,2891
ffn_down-0,A_interleave_R5,1e-5_to_1e-4,3
ffn_down-0,A_interleave_R5,1e-4_to_1e-3,0
ffn_down-0,A_interleave_R5,1e-3_to_1e-2,0
ffn_down-0,A_interleave_R5,1e-2_to_inf,0
ffn_down-0,B_split4_aligned,0_to_1e-8,178413
ffn_down-0,B_split4_aligned,1e-8_to_1e-7,692882
ffn_down-0,B_split4_aligned,1e-7_to_1e-6,416241
ffn_down-0,B_split4_aligned,1e-6_to_1e-5,2702
ffn_down-0,B_split4_aligned,1e-5_to_1e-4,2
ffn_down-0,B_split4_aligned,1e-4_to_1e-3,0
ffn_down-0,B_split4_aligned,1e-3_to_1e-2,0
ffn_down-0,B_split4_aligned,1e-2_to_inf,0
ffn_down-0,C_hybrid_R5_tree,0_to_1e-8,168066
ffn_down-0,C_hybrid_R5_tree,1e-8_to_1e-7,703469
ffn_down-0,C_hybrid_R5_tree,1e-7_to_1e-6,415826
ffn_down-0,C_hybrid_R5_tree,1e-6_to_1e-5,2875
ffn_down-0,C_hybrid_R5_tree,1e-5_to_1e-4,4
ffn_down-0,C_hybrid_R5_tree,1e-4_to_1e-3,0
ffn_down-0,C_hybrid_R5_tree,1e-3_to_1e-2,0
ffn_down-0,C_hybrid_R5_tree,1e-2_to_inf,0
ffn_down-13,A_interleave_R5,0_to_1e-8,35084
ffn_down-13,A_interleave_R5,1e-8_to_1e-7,205236
ffn_down-13,A_interleave_R5,1e-7_to_1e-6,82195
ffn_down-13,A_interleave_R5,1e-6_to_1e-5,45
ffn_down-13,A_interleave_R5,1e-5_to_1e-4,0
ffn_down-13,A_interleave_R5,1e-4_to_1e-3,0
ffn_down-13,A_interleave_R5,1e-3_to_1e-2,0
ffn_down-13,A_interleave_R5,1e-2_to_inf,0
ffn_down-13,B_split4_aligned,0_to_1e-8,36116
ffn_down-13,B_split4_aligned,1e-8_to_1e-7,204066
ffn_down-13,B_split4_aligned,1e-7_to_1e-6,82340
ffn_down-13,B_split4_aligned,1e-6_to_1e-5,38
ffn_down-13,B_split4_aligned,1e-5_to_1e-4,0
ffn_down-13,B_split4_aligned,1e-4_to_1e-3,0
ffn_down-13,B_split4_aligned,1e-3_to_1e-2,0
ffn_down-13,B_split4_aligned,1e-2_to_inf,0
ffn_down-13,C_hybrid_R5_tree,0_to_1e-8,35252
ffn_down-13,C_hybrid_R5_tree,1e-8_to_1e-7,205179
ffn_down-13,C_hybrid_R5_tree,1e-7_to_1e-6,82088
ffn_down-13,C_hybrid_R5_tree,1e-6_to_1e-5,41
ffn_down-13,C_hybrid_R5_tree,1e-5_to_1e-4,0
ffn_down-13,C_hybrid_R5_tree,1e-4_to_1e-3,0
ffn_down-13,C_hybrid_R5_tree,1e-3_to_1e-2,0
ffn_down-13,C_hybrid_R5_tree,1e-2_to_inf,0
ffn_down-26,A_interleave_R5,0_to_1e-8,34692
ffn_down-26,A_interleave_R5,1e-8_to_1e-7,6605
ffn_down-26,A_interleave_R5,1e-7_to_1e-6,134280
ffn_down-26,A_interleave_R5,1e-6_to_1e-5,142003
ffn_down-26,A_interleave_R5,1e-5_to_1e-4,4826
ffn_down-26,A_interleave_R5,1e-4_to_1e-3,154
ffn_down-26,A_interleave_R5,1e-3_to_1e-2,0
ffn_down-26,A_interleave_R5,1e-2_to_inf,0
ffn_down-26,B_split4_aligned,0_to_1e-8,37168
ffn_down-26,B_split4_aligned,1e-8_to_1e-7,5968
ffn_down-26,B_split4_aligned,1e-7_to_1e-6,133413
ffn_down-26,B_split4_aligned,1e-6_to_1e-5,141271
ffn_down-26,B_split4_aligned,1e-5_to_1e-4,4602
ffn_down-26,B_split4_aligned,1e-4_to_1e-3,138
ffn_down-26,B_split4_aligned,1e-3_to_1e-2,0
ffn_down-26,B_split4_aligned,1e-2_to_inf,0
ffn_down-26,C_hybrid_R5_tree,0_to_1e-8,34820
ffn_down-26,C_hybrid_R5_tree,1e-8_to_1e-7,6592
ffn_down-26,C_hybrid_R5_tree,1e-7_to_1e-6,134008
ffn_down-26,C_hybrid_R5_tree,1e-6_to_1e-5,142142
ffn_down-26,C_hybrid_R5_tree,1e-5_to_1e-4,4844
ffn_down-26,C_hybrid_R5_tree,1e-4_to_1e-3,154
ffn_down-26,C_hybrid_R5_tree,1e-3_to_1e-2,0
ffn_down-26,C_hybrid_R5_tree,1e-2_to_inf,0
