layer,K,M,N,count,candidate,max_abs,rmse,cosine,gate
ffn_down-0,4304,1152,1120,1290240,A_interleave_R5,1.14440917968750000e-05,1.74393944805253367e-07,9.99999999999829248e-01,PASS
ffn_down-0,4304,1152,1120,1290240,B_split4_aligned,1.14440917968750000e-05,1.72512434047086789e-07,9.99999999999819922e-01,PASS
ffn_down-0,4304,1152,1120,1290240,C_hybrid_R5_tree,1.14440917968750000e-05,1.74621565216192002e-07,9.99999999999798272e-01,PASS
ffn_down-13,4304,1152,280,322560,A_interleave_R5,1.95950269699096680e-06,1.03207764439803208e-07,9.99999999999795386e-01,PASS
ffn_down-13,4304,1152,280,322560,B_split4_aligned,2.20537185668945312e-06,1.02934155995754046e-07,9.99999999999776179e-01,PASS
ffn_down-13,4304,1152,280,322560,C_hybrid_R5_tree,1.95950269699096680e-06,1.03097806637484618e-07,9.99999999999825251e-01,PASS
ffn_down-26,4304,1152,280,322560,A_interleave_R5,2.44140625000000000e-04,5.27860900674696576e-06,9.99999999999943046e-01,PASS
ffn_down-26,4304,1152,280,322560,B_split4_aligned,2.74658203125000000e-04,5.22375879031506119e-06,9.99999999999894529e-01,PASS
ffn_down-26,4304,1152,280,322560,C_hybrid_R5_tree,2.44140625000000000e-04,5.28761933289891480e-06,9.99999999999921729e-01,PASS
