candidate,layer,K,M,N,count,max_abs,rmse,cosine,delta_vs_p0_max_abs,delta_vs_p0_rmse,small_ref_lt_1e-4_count,small_ref_rmse,small_ref_max_abs,rel_abs_q50_ref_ge_1e-4,rel_abs_q90_ref_ge_1e-4,rel_abs_q99_ref_ge_1e-4,rel_abs_max_ref_ge_1e-4,ref_abs_q50,ref_abs_q90,ref_abs_q99
P0_F16W_F32X_F32ACC_K16,ffn_down-0,4304,1152,1120,1290240,1.14440918e-05,1.80431792e-07,0.999999999999816,0,0,294,7.56645939e-08,2.83122063e-07,2.74319071e-07,1.28983744e-06,1.27362414e-05,0.00213628396,0.249327958,0.736886024,2.20820069
P1_F16W_F16X_F32ACC_K16,ffn_down-0,4304,1152,1120,1290240,0.000980377197,5.73348305e-06,0.999999999957155,0.000980377197,5.72986511e-06,294,3.7504222e-06,6.37471676e-05,2.81333653e-07,1.50312887e-06,3.90210005e-05,0.2483537,0.249327958,0.736886024,2.20820069
P2_BF16W_BF16X_F32ACC_K16,ffn_down-0,4304,1152,1120,1290240,0.0122747421,0.000312285366,0.999999873202876,0.0122766495,0.000312284388,294,0.000239459226,0.000750250183,0.000615654543,0.00431723012,0.0435836501,9.70886019,0.249327958,0.736886024,2.20820069
P3_F16_PRODUCT_F16ACC16_INTERLEAVED,ffn_down-0,4304,1152,1120,1290240,0.0334405899,0.000695454903,0.999999513169219,0.0334444046,0.000695476366,294,0.000356639631,0.00126291066,0.000945781085,0.00559833318,0.0560198778,22.9157895,0.249327958,0.736886024,2.20820069
P0_F16W_F32X_F32ACC_K16,ffn_down-13,4304,1152,280,322560,1.98930502e-06,1.08140651e-07,0.999999999999797,0,0,100,9.55003647e-08,3.42726707e-07,4.21838939e-07,2.40224934e-06,2.32884449e-05,0.00218638972,0.145713001,0.368046939,0.677970231
P1_F16W_F16X_F32ACC_K16,ffn_down-13,4304,1152,280,322560,1.98930502e-06,1.08140651e-07,0.999999999999797,0,0,100,9.55003647e-08,3.42726707e-07,4.21838939e-07,2.40224934e-06,2.32884449e-05,0.00218638972,0.145713001,0.368046939,0.677970231
P2_BF16W_BF16X_F32ACC_K16,ffn_down-13,4304,1152,280,322560,0.0047326088,0.000329642554,0.999999026908153,0.00473237038,0.000329642741,100,0.000338812729,0.00119679421,0.00144990001,0.00918817367,0.0909228768,8.06801468,0.145713001,0.368046939,0.677970231
P3_F16_PRODUCT_F16ACC16_INTERLEAVED,ffn_down-13,4304,1152,280,322560,0.00622797012,0.000489293361,0.999997856003374,0.00622797012,0.000489293539,100,0.000415845509,0.00117678195,0.00206956058,0.0128908418,0.125609533,7.53109285,0.145713001,0.368046939,0.677970231
P0_F16W_F32X_F32ACC_K16,ffn_down-26,4304,1152,280,322560,0.000305175781,5.31979913e-06,0.999999999999931,0,0,4,2.82827808e-07,4.76837158e-07,2.55622872e-07,1.39722762e-06,1.41259873e-05,0.0564814815,4.00911045,18.2301941,51.3720512
P1_F16W_F16X_F32ACC_K16,ffn_down-26,4304,1152,280,322560,0.0528869629,0.00126374763,0.999999998539487,0.0528259277,0.00126356042,4,0.000129931948,0.000183850527,0.000104573011,0.000710524641,0.00752173244,20.5559921,4.00911045,18.2301941,51.3720512
P2_BF16W_BF16X_F32ACC_K16,ffn_down-26,4304,1152,280,322560,0.392089844,0.010055501,0.999999907611546,0.391967773,0.0100554709,4,0.0037156618,0.00508156419,0.000941608729,0.00639697387,0.0664065494,141.058939,4.00911045,18.2301941,51.3720512
P3_F16_PRODUCT_F16ACC16_INTERLEAVED,ffn_down-26,4304,1152,280,322560,0.491729736,0.0110908346,0.999999889477321,0.491821289,0.0110920707,4,0.00121080729,0.00157725811,0.000692069417,0.00448983056,0.0470735623,99.6074074,4.00911045,18.2301941,51.3720512
