qid,family,representative_weights,representative_outputs,K,M,N,input0_dtype,input1_dtype,output_dtype,graph_node_calls,nominal_MAC,vision_MAC_share,board_CPU_time_MAC_proxy_seconds,coverage_class,CPU_time_proxy_status
37804,Attention projection,v.blk.0.attn_k.weight;v.blk.0.attn_out.weight;v.blk.0.attn_q.weight;v.blk.0.attn_v.weight;v.blk.1.attn_k.weight;v.blk.1.attn_out.weight;v.blk.1.attn_q.weight;v.blk.1.attn_v.weight;v.blk.2.attn_k.weight;v.blk.2.attn_out.weight;v.blk.2.attn_q.weight;v.blk.2.attn_v.weight;v.blk.3.attn_k.weight;v.blk.3.attn_out.weight;v.blk.3.attn_q.weight;v.blk.3.attn_v.weight;v.blk.4.attn_k.weight;v.blk.4.attn_out.weight;v.blk.4.attn_q.weight;v.blk.4.attn_v.weight;v.blk.5.attn_k.weight;v.blk.5.attn_out.weight;v.blk.5.attn_q.weight;v.blk.5.attn_v.weight;v.blk.6.attn_k.weight;v.blk.6.attn_out.weight;v.blk.6.attn_q.weight;v.blk.6.attn_v.weight;v.vit_merger.attn_k.weight;v.vit_merger.attn_out.weight;v.vit_merger.attn_q.weight;v.vit_merger.attn_v.weight,node_109;node_112;node_115;node_125;node_140;node_143;node_146;node_156;node_16;node_171;node_174;node_177;node_187;node_19;node_202;node_205;node_208;node_218;node_22;node_234;node_237;node_240;node_252;node_32;node_47;node_50;node_53;node_63;node_78;node_81;node_84;node_94,1152,1152,1120,f16,f32,f32,160,237817036800,0.1974335354227811,116.55449276976798,supported with parameter change,MAC-proportional estimate; family time not isolated
37804,FFN down,v.blk.0.ffn_down.weight;v.blk.1.ffn_down.weight;v.blk.2.ffn_down.weight;v.blk.3.ffn_down.weight;v.blk.4.ffn_down.weight;v.blk.5.ffn_down.weight;v.blk.6.ffn_down.weight,ffn_down-0;ffn_down-1;ffn_down-2;ffn_down-3;ffn_down-4;ffn_down-5;ffn_down-6,4304,1152,1120,f16,f32,f32,35,194361753600,0.16135735555603162,95.25699213779215,supported with parameter change,MAC-proportional estimate; family time not isolated
37804,FFN up,v.blk.0.ffn_up.weight;v.blk.1.ffn_up.weight;v.blk.2.ffn_up.weight;v.blk.3.ffn_up.weight;v.blk.4.ffn_up.weight;v.blk.5.ffn_up.weight;v.blk.6.ffn_up.weight,ffn_up-0;ffn_up-1;ffn_up-2;ffn_up-3;ffn_up-4;ffn_up-5;ffn_up-6,1152,4304,1120,f16,f32,f32,35,194361753600,0.16135735555603162,95.25699213779215,directly supported,MAC-proportional estimate; family time not isolated
37804,Attention projection,v.blk.10.attn_k.weight;v.blk.10.attn_out.weight;v.blk.10.attn_q.weight;v.blk.10.attn_v.weight;v.blk.11.attn_k.weight;v.blk.11.attn_out.weight;v.blk.11.attn_q.weight;v.blk.11.attn_v.weight;v.blk.12.attn_k.weight;v.blk.12.attn_out.weight;v.blk.12.attn_q.weight;v.blk.12.attn_v.weight;v.blk.13.attn_k.weight;v.blk.13.attn_out.weight;v.blk.13.attn_q.weight;v.blk.13.attn_v.weight;v.blk.14.attn_k.weight;v.blk.14.attn_out.weight;v.blk.14.attn_q.weight;v.blk.14.attn_v.weight;v.blk.15.attn_k.weight;v.blk.15.attn_out.weight;v.blk.15.attn_q.weight;v.blk.15.attn_v.weight;v.blk.16.attn_k.weight;v.blk.16.attn_out.weight;v.blk.16.attn_q.weight;v.blk.16.attn_v.weight;v.blk.17.attn_k.weight;v.blk.17.attn_out.weight;v.blk.17.attn_q.weight;v.blk.17.attn_v.weight;v.blk.18.attn_k.weight;v.blk.18.attn_out.weight;v.blk.18.attn_q.weight;v.blk.18.attn_v.weight;v.blk.19.attn_k.weight;v.blk.19.attn_out.weight;v.blk.19.attn_q.weight;v.blk.19.attn_v.weight;v.blk.20.attn_k.weight;v.blk.20.attn_out.weight;v.blk.20.attn_q.weight;v.blk.20.attn_v.weight;v.blk.21.attn_k.weight;v.blk.21.attn_out.weight;v.blk.21.attn_q.weight;v.blk.21.attn_v.weight;v.blk.22.attn_k.weight;v.blk.22.attn_out.weight;v.blk.22.attn_q.weight;v.blk.22.attn_v.weight;v.blk.23.attn_k.weight;v.blk.23.attn_out.weight;v.blk.23.attn_q.weight;v.blk.23.attn_v.weight;v.blk.24.attn_k.weight;v.blk.24.attn_out.weight;v.blk.24.attn_q.weight;v.blk.24.attn_v.weight;v.blk.25.attn_k.weight;v.blk.25.attn_out.weight;v.blk.25.attn_q.weight;v.blk.25.attn_v.weight;v.blk.26.attn_k.weight;v.blk.26.attn_out.weight;v.blk.26.attn_q.weight;v.blk.26.attn_v.weight;v.blk.7.attn_k.weight;v.blk.7.attn_out.weight;v.blk.7.attn_q.weight;v.blk.7.attn_v.weight;v.blk.8.attn_k.weight;v.blk.8.attn_out.weight;v.blk.8.attn_q.weight;v.blk.8.attn_v.weight;v.blk.9.attn_k.weight;v.blk.9.attn_out.weight;v.blk.9.attn_q.weight;v.blk.9.attn_v.weight,node_279;node_282;node_285;node_295;node_310;node_313;node_316;node_326;node_341;node_344;node_347;node_357;node_372;node_375;node_378;node_388;node_403;node_406;node_409;node_419;node_434;node_437;node_440;node_450;node_465;node_468;node_471;node_481;node_496;node_499;node_502;node_512;node_527;node_530;node_533;node_543;node_558;node_561;node_564;node_574;node_589;node_592;node_595;node_605;node_620;node_623;node_626;node_636;node_651;node_654;node_657;node_667;node_682;node_685;node_688;node_698;node_713;node_716;node_719;node_729;node_744;node_747;node_750;node_760;node_775;node_778;node_781;node_791;node_806;node_809;node_812;node_822;node_837;node_840;node_843;node_853;node_868;node_871;node_874;node_884,1152,1152,280,f16,f32,f32,400,148635648000,0.1233959596392382,72.846557981105,supported with parameter change,MAC-proportional estimate; family time not isolated
37804,FFN down,v.blk.10.ffn_down.weight;v.blk.11.ffn_down.weight;v.blk.12.ffn_down.weight;v.blk.13.ffn_down.weight;v.blk.14.ffn_down.weight;v.blk.15.ffn_down.weight;v.blk.16.ffn_down.weight;v.blk.17.ffn_down.weight;v.blk.18.ffn_down.weight;v.blk.19.ffn_down.weight;v.blk.20.ffn_down.weight;v.blk.21.ffn_down.weight;v.blk.22.ffn_down.weight;v.blk.23.ffn_down.weight;v.blk.24.ffn_down.weight;v.blk.25.ffn_down.weight;v.blk.26.ffn_down.weight;v.blk.7.ffn_down.weight;v.blk.8.ffn_down.weight;v.blk.9.ffn_down.weight,ffn_down-10;ffn_down-11;ffn_down-12;ffn_down-13;ffn_down-14;ffn_down-15;ffn_down-16;ffn_down-17;ffn_down-18;ffn_down-19;ffn_down-20;ffn_down-21;ffn_down-22;ffn_down-23;ffn_down-24;ffn_down-25;ffn_down-26;ffn_down-7;ffn_down-8;ffn_down-9,4304,1152,280,f16,f32,f32,100,138829824000,0.11525525396859401,68.04070866985154,supported with parameter change,MAC-proportional estimate; family time not isolated
37804,FFN up,v.blk.10.ffn_up.weight;v.blk.11.ffn_up.weight;v.blk.12.ffn_up.weight;v.blk.13.ffn_up.weight;v.blk.14.ffn_up.weight;v.blk.15.ffn_up.weight;v.blk.16.ffn_up.weight;v.blk.17.ffn_up.weight;v.blk.18.ffn_up.weight;v.blk.19.ffn_up.weight;v.blk.20.ffn_up.weight;v.blk.21.ffn_up.weight;v.blk.22.ffn_up.weight;v.blk.23.ffn_up.weight;v.blk.24.ffn_up.weight;v.blk.25.ffn_up.weight;v.blk.26.ffn_up.weight;v.blk.7.ffn_up.weight;v.blk.8.ffn_up.weight;v.blk.9.ffn_up.weight,ffn_up-10;ffn_up-11;ffn_up-12;ffn_up-13;ffn_up-14;ffn_up-15;ffn_up-16;ffn_up-17;ffn_up-18;ffn_up-19;ffn_up-20;ffn_up-21;ffn_up-22;ffn_up-23;ffn_up-24;ffn_up-25;ffn_up-26;ffn_up-7;ffn_up-8;ffn_up-9,1152,4304,280,f16,f32,f32,100,138829824000,0.11525525396859401,68.04070866985154,supported with parameter change,MAC-proportional estimate; family time not isolated
37804,FFN up,v.vit_merger.ds_ffn_up.weight,ffn_up,4608,17216,280,f16,f32,f32,5,111063859200,0.09220420317487521,54.432566935881226,requires different datapath,MAC-proportional estimate; family time not isolated
37804,FFN down,v.vit_merger.ds_ffn_down.weight,ffn_down,17216,1152,280,f16,f32,f32,5,27765964800,0.023051050793718803,13.608141733970307,requires different datapath,MAC-proportional estimate; family time not isolated
37804,FFN up,mm.up.weight,ffn_up,4608,4608,70,f16,f32,f32,5,7431782400,0.00616979798196191,3.6423278990552492,supported with parameter change,MAC-proportional estimate; family time not isolated
37804,Other / patch embedding, (reshaped),node_3,588,1120,1152,f16,f16,f32,5,3793305600,0.003149167719959725,1.8591048651427835,requires different datapath,MAC-proportional estimate; family time not isolated
37804,FFN down,mm.down.weight,ffn_down,4608,1024,70,f16,f32,f32,5,1651507200,0.0013710662182137578,0.8094061997900555,not worth offloading,MAC-proportional estimate; family time not isolated
