layer,calls,K,M,N,weight_dtype,activation_dtype,output_dtype,weight_ne,weight_nb,activation_ne,activation_nb,output_ne,output_nb,board_cpu_total_s,board_cpu_median_ms
ffn_down-0,5,4304,1152,1120,f16,f32,f32,"[4304, 1152, 1, 1]","[2, 8608, 9916416, 9916416]","[4304, 1120, 1, 1]","[4, 17216, 19281920, 19281920]","[1152, 1120, 1, 1]","[4, 4608, 5160960, 5160960]",20.628107823,4115.044107
ffn_down-1,5,4304,1152,1120,f16,f32,f32,"[4304, 1152, 1, 1]","[2, 8608, 9916416, 9916416]","[4304, 1120, 1, 1]","[4, 17216, 19281920, 19281920]","[1152, 1120, 1, 1]","[4, 4608, 5160960, 5160960]",21.384276185,4117.434181
ffn_down-2,5,4304,1152,1120,f16,f32,f32,"[4304, 1152, 1, 1]","[2, 8608, 9916416, 9916416]","[4304, 1120, 1, 1]","[4, 17216, 19281920, 19281920]","[1152, 1120, 1, 1]","[4, 4608, 5160960, 5160960]",21.211286746,4097.194399
ffn_down-3,5,4304,1152,1120,f16,f32,f32,"[4304, 1152, 1, 1]","[2, 8608, 9916416, 9916416]","[4304, 1120, 1, 1]","[4, 17216, 19281920, 19281920]","[1152, 1120, 1, 1]","[4, 4608, 5160960, 5160960]",20.567850071,4114.878745
ffn_down-4,5,4304,1152,1120,f16,f32,f32,"[4304, 1152, 1, 1]","[2, 8608, 9916416, 9916416]","[4304, 1120, 1, 1]","[4, 17216, 19281920, 19281920]","[1152, 1120, 1, 1]","[4, 4608, 5160960, 5160960]",20.425481237,4085.419971
ffn_down-5,5,4304,1152,1120,f16,f32,f32,"[4304, 1152, 1, 1]","[2, 8608, 9916416, 9916416]","[4304, 1120, 1, 1]","[4, 17216, 19281920, 19281920]","[1152, 1120, 1, 1]","[4, 4608, 5160960, 5160960]",20.595526756,4112.762324
ffn_down-6,5,4304,1152,1120,f16,f32,f32,"[4304, 1152, 1, 1]","[2, 8608, 9916416, 9916416]","[4304, 1120, 1, 1]","[4, 17216, 19281920, 19281920]","[1152, 1120, 1, 1]","[4, 4608, 5160960, 5160960]",21.093983743,4110.162288
ffn_down-7,5,4304,1152,280,f16,f32,f32,"[4304, 1152, 1, 1]","[2, 8608, 9916416, 9916416]","[4304, 280, 1, 1]","[4, 17216, 4820480, 4820480]","[1152, 280, 1, 1]","[4, 4608, 1290240, 1290240]",5.641160549,1036.820629
ffn_down-8,5,4304,1152,280,f16,f32,f32,"[4304, 1152, 1, 1]","[2, 8608, 9916416, 9916416]","[4304, 280, 1, 1]","[4, 17216, 4820480, 4820480]","[1152, 280, 1, 1]","[4, 4608, 1290240, 1290240]",5.264128809,1016.939821
ffn_down-9,5,4304,1152,280,f16,f32,f32,"[4304, 1152, 1, 1]","[2, 8608, 9916416, 9916416]","[4304, 280, 1, 1]","[4, 17216, 4820480, 4820480]","[1152, 280, 1, 1]","[4, 4608, 1290240, 1290240]",5.221012670,1043.534787
ffn_down-10,5,4304,1152,280,f16,f32,f32,"[4304, 1152, 1, 1]","[2, 8608, 9916416, 9916416]","[4304, 280, 1, 1]","[4, 17216, 4820480, 4820480]","[1152, 280, 1, 1]","[4, 4608, 1290240, 1290240]",5.043853689,1008.271745
ffn_down-11,5,4304,1152,280,f16,f32,f32,"[4304, 1152, 1, 1]","[2, 8608, 9916416, 9916416]","[4304, 280, 1, 1]","[4, 17216, 4820480, 4820480]","[1152, 280, 1, 1]","[4, 4608, 1290240, 1290240]",5.195915827,1039.655038
ffn_down-12,5,4304,1152,280,f16,f32,f32,"[4304, 1152, 1, 1]","[2, 8608, 9916416, 9916416]","[4304, 280, 1, 1]","[4, 17216, 4820480, 4820480]","[1152, 280, 1, 1]","[4, 4608, 1290240, 1290240]",5.059915888,1012.021072
ffn_down-13,5,4304,1152,280,f16,f32,f32,"[4304, 1152, 1, 1]","[2, 8608, 9916416, 9916416]","[4304, 280, 1, 1]","[4, 17216, 4820480, 4820480]","[1152, 280, 1, 1]","[4, 4608, 1290240, 1290240]",5.469302332,1048.031632
ffn_down-14,5,4304,1152,280,f16,f32,f32,"[4304, 1152, 1, 1]","[2, 8608, 9916416, 9916416]","[4304, 280, 1, 1]","[4, 17216, 4820480, 4820480]","[1152, 280, 1, 1]","[4, 4608, 1290240, 1290240]",5.064605014,1009.947721
ffn_down-15,5,4304,1152,280,f16,f32,f32,"[4304, 1152, 1, 1]","[2, 8608, 9916416, 9916416]","[4304, 280, 1, 1]","[4, 17216, 4820480, 4820480]","[1152, 280, 1, 1]","[4, 4608, 1290240, 1290240]",5.200251372,1039.567198
ffn_down-16,5,4304,1152,280,f16,f32,f32,"[4304, 1152, 1, 1]","[2, 8608, 9916416, 9916416]","[4304, 280, 1, 1]","[4, 17216, 4820480, 4820480]","[1152, 280, 1, 1]","[4, 4608, 1290240, 1290240]",5.400044060,1016.797870
ffn_down-17,5,4304,1152,280,f16,f32,f32,"[4304, 1152, 1, 1]","[2, 8608, 9916416, 9916416]","[4304, 280, 1, 1]","[4, 17216, 4820480, 4820480]","[1152, 280, 1, 1]","[4, 4608, 1290240, 1290240]",5.204921227,1038.758699
ffn_down-18,5,4304,1152,280,f16,f32,f32,"[4304, 1152, 1, 1]","[2, 8608, 9916416, 9916416]","[4304, 280, 1, 1]","[4, 17216, 4820480, 4820480]","[1152, 280, 1, 1]","[4, 4608, 1290240, 1290240]",5.044470513,1009.873680
ffn_down-19,5,4304,1152,280,f16,f32,f32,"[4304, 1152, 1, 1]","[2, 8608, 9916416, 9916416]","[4304, 280, 1, 1]","[4, 17216, 4820480, 4820480]","[1152, 280, 1, 1]","[4, 4608, 1290240, 1290240]",5.188033138,1036.995861
ffn_down-20,5,4304,1152,280,f16,f32,f32,"[4304, 1152, 1, 1]","[2, 8608, 9916416, 9916416]","[4304, 280, 1, 1]","[4, 17216, 4820480, 4820480]","[1152, 280, 1, 1]","[4, 4608, 1290240, 1290240]",5.031332621,1004.672498
ffn_down-21,5,4304,1152,280,f16,f32,f32,"[4304, 1152, 1, 1]","[2, 8608, 9916416, 9916416]","[4304, 280, 1, 1]","[4, 17216, 4820480, 4820480]","[1152, 280, 1, 1]","[4, 4608, 1290240, 1290240]",5.187477753,1037.211254
ffn_down-22,5,4304,1152,280,f16,f32,f32,"[4304, 1152, 1, 1]","[2, 8608, 9916416, 9916416]","[4304, 280, 1, 1]","[4, 17216, 4820480, 4820480]","[1152, 280, 1, 1]","[4, 4608, 1290240, 1290240]",5.027438482,1005.346245
ffn_down-23,5,4304,1152,280,f16,f32,f32,"[4304, 1152, 1, 1]","[2, 8608, 9916416, 9916416]","[4304, 280, 1, 1]","[4, 17216, 4820480, 4820480]","[1152, 280, 1, 1]","[4, 4608, 1290240, 1290240]",5.174574532,1034.640438
ffn_down-24,5,4304,1152,280,f16,f32,f32,"[4304, 1152, 1, 1]","[2, 8608, 9916416, 9916416]","[4304, 280, 1, 1]","[4, 17216, 4820480, 4820480]","[1152, 280, 1, 1]","[4, 4608, 1290240, 1290240]",5.557565334,1010.287964
ffn_down-25,5,4304,1152,280,f16,f32,f32,"[4304, 1152, 1, 1]","[2, 8608, 9916416, 9916416]","[4304, 280, 1, 1]","[4, 17216, 4820480, 4820480]","[1152, 280, 1, 1]","[4, 4608, 1290240, 1290240]",5.190901527,1037.336815
ffn_down-26,5,4304,1152,280,f16,f32,f32,"[4304, 1152, 1, 1]","[2, 8608, 9916416, 9916416]","[4304, 280, 1, 1]","[4, 17216, 4820480, 4820480]","[1152, 280, 1, 1]","[4, 4608, 1290240, 1290240]",5.050871876,1009.714699
